provider,gpu,gpus_per_unit,usd_per_hour_per_unit,usd_per_gpu_hour,pricing_type,segment,source_url,retrieved_date,notes
Vast.ai,H100 SXM - lowest listed,1,1.7378,1.7378,on-demand,marketplace,https://console.vast.ai/api/v0/bundles/,2026-10-06,"Vast.ai public search API, q={gpu_name eq 'H100 SXM', rentable true, rented false, type on-demand}, queried 2026-10-06 about 21:00 ET. 17 unrented offers on 8 distinct machines; per-GPU price = dph_total/num_gpus, deduped to the lowest per machine before taking min/median. dph_total includes the host's default-disk storage charge (a few cents/hr); bandwidth is extra. Mix of verified/unverified hosts worldwide. Vast lists 'H200 NVL' as a separate gpu_name (not included here). Offer-level median (not deduped) = 3.6180. Lowest offer: Australia, AU, verified."
Vast.ai,H100 SXM - median listed,1,2.9418,2.9418,on-demand,marketplace,https://console.vast.ai/api/v0/bundles/,2026-10-06,"Vast.ai public search API, q={gpu_name eq 'H100 SXM', rentable true, rented false, type on-demand}, queried 2026-10-06 about 21:00 ET. 17 unrented offers on 8 distinct machines; per-GPU price = dph_total/num_gpus, deduped to the lowest per machine before taking min/median. dph_total includes the host's default-disk storage charge (a few cents/hr); bandwidth is extra. Mix of verified/unverified hosts worldwide. Vast lists 'H200 NVL' as a separate gpu_name (not included here). Offer-level median (not deduped) = 3.6180."
Vast.ai,H100 PCIe - lowest listed,1,1.2515,1.2515,on-demand,marketplace,https://console.vast.ai/api/v0/bundles/,2026-10-06,"Vast.ai public search API, q={gpu_name eq 'H100 PCIE', rentable true, rented false, type on-demand}, queried 2026-10-06 about 21:00 ET. 10 unrented offers on 5 distinct machines; per-GPU price = dph_total/num_gpus, deduped to the lowest per machine before taking min/median. dph_total includes the host's default-disk storage charge (a few cents/hr); bandwidth is extra. Mix of verified/unverified hosts worldwide. Vast lists 'H200 NVL' as a separate gpu_name (not included here). Offer-level median (not deduped) = 2.5883. Lowest offer: France, FR, unverified."
Vast.ai,H100 PCIe - median listed,1,2.4882,2.4882,on-demand,marketplace,https://console.vast.ai/api/v0/bundles/,2026-10-06,"Vast.ai public search API, q={gpu_name eq 'H100 PCIE', rentable true, rented false, type on-demand}, queried 2026-10-06 about 21:00 ET. 10 unrented offers on 5 distinct machines; per-GPU price = dph_total/num_gpus, deduped to the lowest per machine before taking min/median. dph_total includes the host's default-disk storage charge (a few cents/hr); bandwidth is extra. Mix of verified/unverified hosts worldwide. Vast lists 'H200 NVL' as a separate gpu_name (not included here). Offer-level median (not deduped) = 2.5883."
Vast.ai,H100 NVL - lowest listed,1,2.5339,2.5339,on-demand,marketplace,https://console.vast.ai/api/v0/bundles/,2026-10-06,"Vast.ai public search API, q={gpu_name eq 'H100 NVL', rentable true, rented false, type on-demand}, queried 2026-10-06 about 21:00 ET. 9 unrented offers on 6 distinct machines; per-GPU price = dph_total/num_gpus, deduped to the lowest per machine before taking min/median. dph_total includes the host's default-disk storage charge (a few cents/hr); bandwidth is extra. Mix of verified/unverified hosts worldwide. Vast lists 'H200 NVL' as a separate gpu_name (not included here). Offer-level median (not deduped) = 2.6649. Lowest offer: Bulgaria, BG, verified."
Vast.ai,H100 NVL - median listed,1,2.9689,2.9689,on-demand,marketplace,https://console.vast.ai/api/v0/bundles/,2026-10-06,"Vast.ai public search API, q={gpu_name eq 'H100 NVL', rentable true, rented false, type on-demand}, queried 2026-10-06 about 21:00 ET. 9 unrented offers on 6 distinct machines; per-GPU price = dph_total/num_gpus, deduped to the lowest per machine before taking min/median. dph_total includes the host's default-disk storage charge (a few cents/hr); bandwidth is extra. Mix of verified/unverified hosts worldwide. Vast lists 'H200 NVL' as a separate gpu_name (not included here). Offer-level median (not deduped) = 2.6649."
Vast.ai,H200 - lowest listed,1,3.9583,3.9583,on-demand,marketplace,https://console.vast.ai/api/v0/bundles/,2026-10-06,"Vast.ai public search API, q={gpu_name eq 'H200', rentable true, rented false, type on-demand}, queried 2026-10-06 about 21:00 ET. 5 unrented offers on 4 distinct machines; per-GPU price = dph_total/num_gpus, deduped to the lowest per machine before taking min/median. dph_total includes the host's default-disk storage charge (a few cents/hr); bandwidth is extra. Mix of verified/unverified hosts worldwide. Vast lists 'H200 NVL' as a separate gpu_name (not included here). Offer-level median (not deduped) = 5.0005. Lowest offer: Massachusetts, US, unverified."
Vast.ai,H200 - median listed,1,4.8035,4.8035,on-demand,marketplace,https://console.vast.ai/api/v0/bundles/,2026-10-06,"Vast.ai public search API, q={gpu_name eq 'H200', rentable true, rented false, type on-demand}, queried 2026-10-06 about 21:00 ET. 5 unrented offers on 4 distinct machines; per-GPU price = dph_total/num_gpus, deduped to the lowest per machine before taking min/median. dph_total includes the host's default-disk storage charge (a few cents/hr); bandwidth is extra. Mix of verified/unverified hosts worldwide. Vast lists 'H200 NVL' as a separate gpu_name (not included here). Offer-level median (not deduped) = 5.0005."
Vast.ai,B200 - lowest listed,1,6.251,6.251,on-demand,marketplace,https://console.vast.ai/api/v0/bundles/,2026-10-06,"Vast.ai public search API, q={gpu_name eq 'B200', rentable true, rented false, type on-demand}, queried 2026-10-06 about 21:00 ET. 12 unrented offers on 9 distinct machines; per-GPU price = dph_total/num_gpus, deduped to the lowest per machine before taking min/median. dph_total includes the host's default-disk storage charge (a few cents/hr); bandwidth is extra. Mix of verified/unverified hosts worldwide. Vast lists 'H200 NVL' as a separate gpu_name (not included here). Offer-level median (not deduped) = 7.6581. Lowest offer: Oregon, US, verified."
Vast.ai,B200 - median listed,1,7.8135,7.8135,on-demand,marketplace,https://console.vast.ai/api/v0/bundles/,2026-10-06,"Vast.ai public search API, q={gpu_name eq 'B200', rentable true, rented false, type on-demand}, queried 2026-10-06 about 21:00 ET. 12 unrented offers on 9 distinct machines; per-GPU price = dph_total/num_gpus, deduped to the lowest per machine before taking min/median. dph_total includes the host's default-disk storage charge (a few cents/hr); bandwidth is extra. Mix of verified/unverified hosts worldwide. Vast lists 'H200 NVL' as a separate gpu_name (not included here). Offer-level median (not deduped) = 7.6581."
Shadeform,H100 SXM - lowest listed,1,1.95,1.95,on-demand,marketplace,https://api.shadeform.ai/v1/instances/types,2026-10-06,"Shadeform public instance-types API (no key needed); hourly_price is in cents, divided by num_gpus. 17 listed configs from 9 underlying clouds, deduped to the lowest per-GPU price per cloud before taking min/median. Only 1 of the 17 configs showed available=true at retrieval. These are Shadeform's list prices and can differ from the cloud's own page. Per-cloud lowest: horizon 1.9500; voltagepark 1.9900; denvr 2.5000; massedcompute 3.1400; hyperstack 3.2000; verda 3.3100; nebius 3.8662; lambdalabs 3.9900; digitalocean 4.4100."
Shadeform,H100 SXM - median listed,1,3.2,3.2,on-demand,marketplace,https://api.shadeform.ai/v1/instances/types,2026-10-06,"Shadeform public instance-types API (no key needed); hourly_price is in cents, divided by num_gpus. 17 listed configs from 9 underlying clouds, deduped to the lowest per-GPU price per cloud before taking min/median. Only 1 of the 17 configs showed available=true at retrieval. These are Shadeform's list prices and can differ from the cloud's own page. Per-cloud lowest: horizon 1.9500; voltagepark 1.9900; denvr 2.5000; massedcompute 3.1400; hyperstack 3.2000; verda 3.3100; nebius 3.8662; lambdalabs 3.9900; digitalocean 4.4100."
Shadeform,H100 PCIe/NVL - lowest listed,1,1.66,1.66,on-demand,marketplace,https://api.shadeform.ai/v1/instances/types,2026-10-06,"Shadeform public instance-types API (no key needed); hourly_price is in cents, divided by num_gpus. 24 listed configs from 7 underlying clouds, deduped to the lowest per-GPU price per cloud before taking min/median. Only 8 of the 24 configs showed available=true at retrieval. These are Shadeform's list prices and can differ from the cloud's own page. Per-cloud lowest: latitude 1.6600; imwt 2.4800; hyperstack 2.5000; massedcompute 2.7275; scaleway 3.3000; lambdalabs 4.2900; paperspace 5.9900. Includes PCIe, PCIe NVLink-bridged and H100 NVL configs."
Shadeform,H100 PCIe/NVL - median listed,1,2.7275,2.7275,on-demand,marketplace,https://api.shadeform.ai/v1/instances/types,2026-10-06,"Shadeform public instance-types API (no key needed); hourly_price is in cents, divided by num_gpus. 24 listed configs from 7 underlying clouds, deduped to the lowest per-GPU price per cloud before taking min/median. Only 8 of the 24 configs showed available=true at retrieval. These are Shadeform's list prices and can differ from the cloud's own page. Per-cloud lowest: latitude 1.6600; imwt 2.4800; hyperstack 2.5000; massedcompute 2.7275; scaleway 3.3000; lambdalabs 4.2900; paperspace 5.9900. Includes PCIe, PCIe NVLink-bridged and H100 NVL configs."
Shadeform,H200 SXM - lowest listed,1,2.25,2.25,on-demand,marketplace,https://api.shadeform.ai/v1/instances/types,2026-10-06,"Shadeform public instance-types API (no key needed); hourly_price is in cents, divided by num_gpus. 17 listed configs from 7 underlying clouds, deduped to the lowest per-GPU price per cloud before taking min/median. Only 0 of the 17 configs showed available=true at retrieval. These are Shadeform's list prices and can differ from the cloud's own page. Per-cloud lowest: excesssupply 2.2500; amaya 2.2500; boostrun 2.4500; horizon 3.0000; verda 4.2050; digitalocean 4.4700; nebius 4.5163."
Shadeform,H200 SXM - median listed,1,3.0,3.0,on-demand,marketplace,https://api.shadeform.ai/v1/instances/types,2026-10-06,"Shadeform public instance-types API (no key needed); hourly_price is in cents, divided by num_gpus. 17 listed configs from 7 underlying clouds, deduped to the lowest per-GPU price per cloud before taking min/median. Only 0 of the 17 configs showed available=true at retrieval. These are Shadeform's list prices and can differ from the cloud's own page. Per-cloud lowest: excesssupply 2.2500; amaya 2.2500; boostrun 2.4500; horizon 3.0000; verda 4.2050; digitalocean 4.4700; nebius 4.5163."
Shadeform,B200 SXM6 - lowest listed,1,3.74,3.74,on-demand,marketplace,https://api.shadeform.ai/v1/instances/types,2026-10-06,"Shadeform public instance-types API (no key needed); hourly_price is in cents, divided by num_gpus. 10 listed configs from 4 underlying clouds, deduped to the lowest per-GPU price per cloud before taking min/median. Only 0 of the 10 configs showed available=true at retrieval. These are Shadeform's list prices and can differ from the cloud's own page. Per-cloud lowest: boostrun 3.7400; excesssupply 4.5137; verda 6.3050; lambdalabs 6.6900."
Shadeform,B200 SXM6 - median listed,1,5.4094,5.4094,on-demand,marketplace,https://api.shadeform.ai/v1/instances/types,2026-10-06,"Shadeform public instance-types API (no key needed); hourly_price is in cents, divided by num_gpus. 10 listed configs from 4 underlying clouds, deduped to the lowest per-GPU price per cloud before taking min/median. Only 0 of the 10 configs showed available=true at retrieval. These are Shadeform's list prices and can differ from the cloud's own page. Per-cloud lowest: boostrun 3.7400; excesssupply 4.5137; verda 6.3050; lambdalabs 6.6900."
TensorDock,H100 SXM5,1,2.25,2.25,on-demand,marketplace,https://www.tensordock.com/,2026-10-06,"Homepage figure 'H100 SXM5 From $2.25/hr', 'No quotas, no commitments'. A 'from' price, not a live listing: the public v2 locations API (https://dashboard.tensordock.com/api/v2/locations) returned an empty list and live host listings need a login. tensordock.com/pricing returned 404."
Hyperstack,H100 SXM,1,3.2,3.2,on-demand,small GPU cloud,https://www.hyperstack.cloud/gpu-pricing,2026-10-06,"Hyperstack 'On-Demand GPU Pricing' table, price per GPU per hour, billed per minute. Region not stated on the table. 24 pCPU / 240 GB RAM per GPU. Shadeform lists Hyperstack H100 SXM only as an 8-GPU VM ($25.60/hr)."
Hyperstack,"H100 PCIe (listed as ""NVIDIA H100"")",1,2.5,2.5,on-demand,small GPU cloud,https://www.hyperstack.cloud/gpu-pricing,2026-10-06,"Hyperstack 'On-Demand GPU Pricing' table, price per GPU per hour, billed per minute. Region not stated on the table. PCIe card; 28 pCPU / 180 GB RAM per GPU."
Hyperstack,"H100 PCIe NVLink (listed as ""NVIDIA H100 NVLink"")",1,2.6,2.6,on-demand,small GPU cloud,https://www.hyperstack.cloud/gpu-pricing,2026-10-06,"Hyperstack 'On-Demand GPU Pricing' table, price per GPU per hour, billed per minute. Region not stated on the table. PCIe with NVLink bridge; 31 pCPU / 180 GB RAM per GPU."
Hyperstack,H200 SXM,1,3.99,3.99,on-demand,small GPU cloud,https://www.hyperstack.cloud/gpu-pricing,2026-10-06,"Hyperstack 'On-Demand GPU Pricing' table, price per GPU per hour, billed per minute. Region not stated on the table. 22 pCPU / 225 GB RAM per GPU."
Hyperstack,B200,1,6.0,6.0,on-demand,small GPU cloud,https://www.hyperstack.cloud/gpu-pricing,2026-10-06,"Hyperstack 'On-Demand GPU Pricing' table, price per GPU per hour, billed per minute. Region not stated on the table. 31 pCPU / 256 GB RAM per GPU."
Hyperstack,H100 SXM,1,2.72,2.72,reserved,small GPU cloud,https://www.hyperstack.cloud/gpu-pricing,2026-10-06,"'Reservation Pricing' table, 'Starting from' price; term not stated on the page (via sales)."
Hyperstack,H200 SXM,1,2.79,2.79,reserved,small GPU cloud,https://www.hyperstack.cloud/gpu-pricing,2026-10-06,"'Reservation Pricing', 'Starting from'; term not stated."
Hyperstack,B200,1,5.1,5.1,reserved,small GPU cloud,https://www.hyperstack.cloud/gpu-pricing,2026-10-06,"'Reservation Pricing', 'Starting from'; term not stated."
Hyperstack,H100 PCIe,1,2.0,2.0,spot,small GPU cloud,https://www.hyperstack.cloud/gpu-pricing,2026-10-06,'Spot VM Pricing' table; H100 PCIe is the only H100 listed for spot.
Voltage Park,HGX H100 (SXM),1,1.99,1.99,on-demand,small GPU cloud,https://www.voltagepark.com/pricing,2026-10-06,"Pricing page FAQ: rent one H100 for 1 hour 'starting at $1.99 without a contract'; the on-demand card itself says 'Contact for pricing'. 1-1016 HGX H100s, 3200 Gbps InfiniBand, no minimum term. Page says Voltage Park has merged with Lightning AI. Shadeform API also lists voltagepark H100_sxm5 at $1.99/GPU-hr (1x-8x)."
Crusoe,H100 80GB HGX,1,3.9,3.9,on-demand,small GPU cloud,https://www.crusoe.ai/cloud/pricing,2026-10-06,"Cloud GPU table, 'On-demand' column, $/GPU-hr. Spot shown as 'Contact sales'; B200 on-demand is 'Contact sales'. Crusoe Managed Inference self-serve dedicated endpoints list H100 at $5.50/hr (managed endpoint, not a VM; not recorded)."
Crusoe,H200 141GB HGX,1,4.29,4.29,on-demand,small GPU cloud,https://www.crusoe.ai/cloud/pricing,2026-10-06,"Cloud GPU table, 'On-demand', $/GPU-hr. Dedicated inference endpoint H200 $6.00/hr and B200 $9.65/hr not recorded."
Nebius,HGX H100,1,4.5,4.5,on-demand,small GPU cloud,https://nebius.com/prices,2026-10-06,"Nebius 'NVIDIA GPU Instances' table, column 'GPU-hour (Effective October 1, 2026)', taken as current. The page still shows the older 'On-demand, GPU-hour' column at $3.85. 16 vCPU / 200 GB RAM per GPU. Page says commitments save up to 35%. Region not given in the table."
Nebius,HGX H200,1,5.4,5.4,on-demand,small GPU cloud,https://nebius.com/prices,2026-10-06,"Nebius 'NVIDIA GPU Instances' table, column 'GPU-hour (Effective October 1, 2026)', taken as current. The page still shows the older 'On-demand, GPU-hour' column at $4.50. 16 vCPU / 200 GB RAM per GPU."
Nebius,HGX B200,1,8.5,8.5,on-demand,small GPU cloud,https://nebius.com/prices,2026-10-06,"Nebius 'NVIDIA GPU Instances' table, column 'GPU-hour (Effective October 1, 2026)', taken as current. The page still shows the older 'On-demand, GPU-hour' column at $7.15. 20 vCPU / 224 GB RAM per GPU."
Nebius,HGX H100,1,0.79,0.79,spot,small GPU cloud,https://nebius.com/prices,2026-10-06,"'Preemptible NVIDIA GPU Instances' table, 'Spot price, GPU-hour', shown as 'from $0.79' (a floor; actual spot price varies)."
Nebius,HGX H200,1,0.79,0.79,spot,small GPU cloud,https://nebius.com/prices,2026-10-06,"Preemptible table, 'from $0.79' (floor)."
Nebius,HGX B200,1,0.99,0.99,spot,small GPU cloud,https://nebius.com/prices,2026-10-06,"Preemptible table, 'from $0.99' (floor)."
Verda (DataCrunch),H100 SXM5 80GB,1,3.81,3.81,on-demand,small GPU cloud,https://verda.com/pricing,2026-10-06,"Verda (formerly DataCrunch; datacrunch.io now redirects to verda.com) 'GPU instances' On-demand table, USD view, pay-as-you-go, 1x instance. 30 CPU / 120 GB RAM (a 32 CPU / 170 GB variant has the same price). Reserved is 'starting from 1 month', custom quote."
Verda (DataCrunch),H200 SXM5 141GB,1,4.97,4.97,on-demand,small GPU cloud,https://verda.com/pricing,2026-10-06,"Verda (formerly DataCrunch; datacrunch.io now redirects to verda.com) 'GPU instances' On-demand table, USD view, pay-as-you-go, 1x instance. 44 CPU / 170 GB RAM. Instant clusters list the same $4.97 per GPU."
Verda (DataCrunch),B200 SXM6 180GB,1,7.2,7.2,on-demand,small GPU cloud,https://verda.com/pricing,2026-10-06,"Verda (formerly DataCrunch; datacrunch.io now redirects to verda.com) 'GPU instances' On-demand table, USD view, pay-as-you-go, 1x instance. 30 CPU / 170 GB RAM. Instant clusters list the same $7.20 per GPU."
Verda (DataCrunch),H100 SXM5 80GB,1,1.91,1.91,spot,small GPU cloud,https://verda.com/pricing,2026-10-06,'Spot price' column of the same table.
Verda (DataCrunch),H200 SXM5 141GB,1,2.49,2.49,spot,small GPU cloud,https://verda.com/pricing,2026-10-06,'Spot price' column.
Verda (DataCrunch),B200 SXM6 180GB,1,3.6,3.6,spot,small GPU cloud,https://verda.com/pricing,2026-10-06,'Spot price' column.
Jarvislabs,H100 SXM,1,3.49,3.49,on-demand,small GPU cloud,https://jarvislabs.ai/pricing,2026-10-06,"'On-Demand, pay per minute', per-GPU price; 1x/2x/4x/8x; 16 vCPU / 200 GB RAM per GPU. Page lists 'India regions'. Spot ('save up to 56%') and 1-12 month discounts (2-9%) are shown but their prices load by script; not recorded."
Jarvislabs,H200 SXM,1,4.59,4.59,on-demand,small GPU cloud,https://jarvislabs.ai/pricing,2026-10-06,Same table; 28 vCPU / 300 GB RAM per GPU.
DigitalOcean (GPU Droplets),HGX H100,1,4.41,4.41,on-demand,small GPU cloud,https://www.digitalocean.com/pricing/gpu-droplets,2026-10-06,"'On-Demand Price' $/GPU/hour; 1 or 8 GPUs per Droplet; 20 vCPU / 240 GiB RAM, 720 GiB boot + 5 TiB scratch NVMe, 15,000 GiB transfer bundled. 'New pricing is effective as of August 1, 2026.'"
DigitalOcean (GPU Droplets),HGX H200,1,4.47,4.47,on-demand,small GPU cloud,https://www.digitalocean.com/pricing/gpu-droplets,2026-10-06,'On-Demand Price' $/GPU/hour; 1 or 8 GPUs per Droplet; 24 vCPU / 240 GiB RAM.
DigitalOcean (GPU Droplets),HGX H100,1,3.26,3.26,reserved,small GPU cloud,https://www.digitalocean.com/pricing/gpu-droplets,2026-10-06,'12 Month Reserved Price' (contractual 12-month commitment).
DigitalOcean (GPU Droplets),HGX H200,1,3.4,3.4,reserved,small GPU cloud,https://www.digitalocean.com/pricing/gpu-droplets,2026-10-06,'12 Month Reserved Price' (12-month commitment).
Paperspace (DigitalOcean),HGX H100,1,5.95,5.95,on-demand,small GPU cloud,https://www.paperspace.com/pricing,2026-10-06,Footnote: 'On-demand pricing for H100 is $5.95/hour under our special promo price.' Card lists 256 GB RAM / 20 vCPU; 8x available. Shadeform lists Paperspace H100 at $5.99.
Paperspace (DigitalOcean),HGX H100,1,2.24,2.24,reserved,small GPU cloud,https://www.paperspace.com/pricing,2026-10-06,Card price '$2.24*/hour'; footnote says this is for a 3-year commitment.
Massed Compute,H100 SXM5 80GB,8,25.12,3.14,on-demand,small GPU cloud,https://massedcompute.com/home/pricing/,2026-10-06,"Massed Compute 'On-Demand GPU Pricing' (page redirects to vm.massedcompute.com/pricing); no contracts, no bandwidth charges; vCPU, RAM and storage bundled. 8x: 126 vCPU / 976 GB RAM / 2800 GB storage. 1x is also listed at $3.14/hr."
Massed Compute,H100 80GB (form factor not stated; Shadeform labels it PCIe),1,2.73,2.73,on-demand,small GPU cloud,https://massedcompute.com/home/pricing/,2026-10-06,"Massed Compute 'On-Demand GPU Pricing' (page redirects to vm.massedcompute.com/pricing); no contracts, no bandwidth charges; vCPU, RAM and storage bundled. 1x: 20 vCPU / 128 GB RAM / 1250 GB."
Massed Compute,H100 NVL,1,3.11,3.11,on-demand,small GPU cloud,https://massedcompute.com/home/pricing/,2026-10-06,"Massed Compute 'On-Demand GPU Pricing' (page redirects to vm.massedcompute.com/pricing); no contracts, no bandwidth charges; vCPU, RAM and storage bundled. 1x: 18 vCPU / 128 GB RAM / 750 GB."
Massed Compute,H200 NVL 141GB,1,3.62,3.62,on-demand,small GPU cloud,https://massedcompute.com/home/pricing/,2026-10-06,"Massed Compute 'On-Demand GPU Pricing' (page redirects to vm.massedcompute.com/pricing); no contracts, no bandwidth charges; vCPU, RAM and storage bundled. 1x: 16 vCPU / 180 GB RAM / 750 GB. H200 NVL (PCIe), not SXM."
Massed Compute,B200 SXM6,8,43.46,5.4325,on-demand,small GPU cloud,https://massedcompute.com/home/pricing/,2026-10-06,"Massed Compute 'On-Demand GPU Pricing' (page redirects to vm.massedcompute.com/pricing); no contracts, no bandwidth charges; vCPU, RAM and storage bundled. 8x only: 280 vCPU / 2800 GB RAM / 6000 GB."
Thunder Compute,H100 SXM 80GB,1,3.2,3.2,on-demand,small GPU cloud,https://www.thundercompute.com/pricing,2026-10-06,"'GPU instance prices' table, $/hr per GPU (1x-8x); 4 vCPU included (extra vCPU $0.04/hr), 32-128 GB RAM, 100-500 GB disk. Sandboxes list H100 SXM at $2.95/GPU-hr (short-lived environments; not recorded)."
OVHcloud,H100 80GB (h100-380; form factor not stated),1,2.99,2.99,on-demand,small GPU cloud,https://www.ovhcloud.com/en/public-cloud/prices/,2026-10-06,"OVHcloud Public Cloud 'GPU Instances' table, price excl. VAT per hour, USD site (location shown: France - Gravelines). Hourly billing; a lower monthly-billing price is also shown. 1x H100, 30 vCore, 380 GB RAM, 200 GB NVMe + 3.84 TB NVMe passthrough. Monthly $2,070. 2x $5.98, 4x $11.97."
OVHcloud,H200 141GB (h200-1920),8,49.56,6.195,on-demand,small GPU cloud,https://www.ovhcloud.com/en/public-cloud/prices/,2026-10-06,"OVHcloud Public Cloud 'GPU Instances' table, price excl. VAT per hour, USD site (location shown: France - Gravelines). Hourly billing; a lower monthly-billing price is also shown. 8x H200, 224 vCore, 1920 GB RAM, 400 GB + 4x7.68 TB NVMe. Monthly ~$36,178.8. OVH AI Training h100-1-gpu ($3.39/hr) is a managed service; not recorded."
Scaleway,H100 SXM 80GB (H100-SXM-8-80G),8,28.5453,3.5682,on-demand,small GPU cloud,https://www.scaleway.com/en/pricing/gpu/,2026-10-06,"Scaleway Instances, zone fr-par-2 (PAR-2), price before tax in EUR from the page's embedded price data (billed per minute; hourly = 60 x per-minute). Converted at the ECB reference rate 1.1269 USD/EUR for 2026-10-06 (https://www.ecb.europa.eu/stats/eurofxref/eurofxref-daily.xml). EUR 25.3308/hr (EUR 0.42218/min); 128 vCPU, 960 GB RAM, NVLink. H100-SXM-2-80G is EUR 6.6198/hr (EUR 3.31/GPU-hr)."
Scaleway,H100 PCIe 80GB (H100-1-80G),1,3.2303,3.2303,on-demand,small GPU cloud,https://www.scaleway.com/en/pricing/gpu/,2026-10-06,"Scaleway Instances, zone fr-par-2 (PAR-2), price before tax in EUR from the page's embedded price data (billed per minute; hourly = 60 x per-minute). Converted at the ECB reference rate 1.1269 USD/EUR for 2026-10-06 (https://www.ecb.europa.eu/stats/eurofxref/eurofxref-daily.xml). EUR 2.8665/hr (EUR 0.047775/min); 24 vCPU, 240 GB RAM. Same price in pl-waw-2."
Vultr,8x H100 (vbm-112c-2048gb-8-h100-gpu; form factor not stated),8,23.92,2.99,on-demand,small GPU cloud,https://api.vultr.com/v2/plans-metal,2026-10-06,"Vultr public plans API (bare metal), hourly_cost list price. CAUTION: the plan shows deploy_ondemand=false and an empty locations list at retrieval, so on-demand is not currently orderable. 112 cores, ~2 TB RAM. www.vultr.com/pricing/ returned HTTP 403 to automated fetch. Same price for the cloud-GPU plan vcg-h100-216c-1914gb-640vram (https://api.vultr.com/v2/plans)."
Vultr,8x H100 (vbm-112c-2048gb-8-h100-gpu),8,18.4,2.3,interruptible,small GPU cloud,https://api.vultr.com/v2/plans-metal,2026-10-06,hourly_cost_preemptible from the same API record; deploy_preemptible=true but the locations list is empty.
Vultr,8x B200 (vbm-256c-3072gb-8-b200-gpu),8,68.0,8.5,on-demand,small GPU cloud,https://api.vultr.com/v2/plans-metal,2026-10-06,"hourly_cost list price; deploy_ondemand=false, no locations listed. 128 cores, 3 TB RAM."
Vultr,8x B200 (vbm-256c-3072gb-8-b200-gpu),8,25.6,3.2,interruptible,small GPU cloud,https://api.vultr.com/v2/plans-metal,2026-10-06,"hourly_cost_preemptible; deploy_preemptible=true, no locations listed."
Denvr Dataworks,H100 SXM,8,19.6,2.45,on-demand,small GPU cloud,https://www.denvr.com/pricing,2026-10-06,"'$2.45 / GPU' per hour for an 8x H100 SXM node (208 vCPU, 1024 GB RAM, 6x3.8 TB NVMe, IB 3200G); unit price = 8 x $2.45. Page offers on-demand billed per minute or reserved (save up to 20%); H200 is 'Reserved only' and B200 has no price ('Reserve Now'). denvrdata.com redirects to denvr.com. Shadeform lists denvr H100_sxm5x8 at $20.00/hr."
Civo,H100 SXM 80GB,1,2.99,2.99,on-demand,small GPU cloud,https://www.civo.com/pricing,2026-10-06,"'NVIDIA H100 SXM GPU pricing', Small (1x H100, 23 vCPU, 184 GB RAM, 200 GB NVMe, free data transfer), On-demand. 8x Extra Large is $23.92/hr (same per GPU)."
Civo,H100 SXM 80GB,1,2.69,2.69,reserved,small GPU cloud,https://www.civo.com/pricing,2026-10-06,12-month commitment column (6/24/36-month: $2.79/$2.59/$2.49).
Civo,H200 SXM 141GB,1,3.49,3.49,on-demand,small GPU cloud,https://www.civo.com/pricing,2026-10-06,"Small (1x H200, 23 vCPU, 169 GB RAM, 400 GB NVMe), On-demand; 8x is $27.92/hr."
Civo,B200 180GB,8,35.92,4.49,reserved,small GPU cloud,https://www.civo.com/pricing,2026-10-06,8x B200: On-demand and 6-month shown as N/A; 12-month commitment $35.92/hr (24/36-month $31.92/$30.32).
Gcore,H100 80GB virtual (1x),1,3.1779,3.1779,on-demand,small GPU cloud,https://gcore.com/pricing/ai,2026-10-06,"Gcore 'Virtual GPU' table ('Pay only while powered on'), prices excl. VAT in EUR, converted at ECB 1.1269 USD/EUR (2026-10-06). Form factor not stated for virtual GPUs (the bare-metal 8xH100 is SXM). EUR 2.82/hr; 24 vCPU / 232 GB RAM / 1250 GB."
Gcore,H100 80GB virtual (8x),8,21.3097,2.6637,on-demand,small GPU cloud,https://gcore.com/pricing/ai,2026-10-06,"Gcore 'Virtual GPU' table ('Pay only while powered on'), prices excl. VAT in EUR, converted at ECB 1.1269 USD/EUR (2026-10-06). Form factor not stated for virtual GPUs (the bare-metal 8xH100 is SXM). EUR 18.91/hr; 192 vCPU / 1856 GB RAM / 10000 GB. Bare-metal 8xH100 SXM shows EUR 21.82/hr (EUR 2.73/GPU) but the pricing-model toggle is script-driven, so its term is unclear; not recorded."
Latitude.sh,H100 80GB (g3.h100.small; form factor not stated),1,1.68,1.68,on-demand,small GPU cloud,https://www.latitude.sh/pricing,2026-10-06,"'Metal GPU', Hourly tab, 'Starting At' $1.68/hr ($1,230/mo); bare metal, 2x3.8 TB NVMe, 20 TB free egress. Price varies by location. Shadeform labels latitude H100 as PCIe."
Koyeb,H100 80GB,1,2.5,2.5,on-demand,small GPU cloud,https://www.koyeb.com/pricing,2026-10-06,"Koyeb serverless GPU, 'Standard' tab, $/hr per instance, billed per second, scale-to-zero; vCPU/RAM/disk bundled. Form factor not stated. 15 vCPU / 180 GB RAM / 320 GB disk. 8x H100 is $20.0/hr."
Koyeb,H200 141GB,1,3.0,3.0,on-demand,small GPU cloud,https://www.koyeb.com/pricing,2026-10-06,"Koyeb serverless GPU, 'Standard' tab, $/hr per instance, billed per second, scale-to-zero; vCPU/RAM/disk bundled. Form factor not stated. 15 vCPU / 240 GB RAM / 320 GB disk."
Koyeb,B200 180GB,1,5.5,5.5,on-demand,small GPU cloud,https://www.koyeb.com/pricing,2026-10-06,"Koyeb serverless GPU, 'Standard' tab, $/hr per instance, billed per second, scale-to-zero; vCPU/RAM/disk bundled. Form factor not stated. 15 vCPU / 240 GB RAM / 320 GB disk."
Northflank,H100 80GB,1,2.74,2.74,on-demand,small GPU cloud,https://northflank.com/pricing,2026-10-06,Northflank compute GPU price per hour; GPU only - CPU ($0.01667/vCPU-hr) and memory ($0.00833/GB-hr) are billed on top. Form factor not stated.
Modal,H100 SXM5,1,3.9492,3.9492,on-demand,small GPU cloud,https://modal.com/pricing,2026-10-06,"Modal serverless 'GPU Tasks' per-second price x 3600; GPU only, CPU and memory billed separately; pay only for running time. $0.001097/sec."
Modal,H200 SXM,1,4.5396,4.5396,on-demand,small GPU cloud,https://modal.com/pricing,2026-10-06,"Modal serverless 'GPU Tasks' per-second price x 3600; GPU only, CPU and memory billed separately; pay only for running time. $0.001261/sec."
Modal,B200,1,6.2496,6.2496,on-demand,small GPU cloud,https://modal.com/pricing,2026-10-06,"Modal serverless 'GPU Tasks' per-second price x 3600; GPU only, CPU and memory billed separately; pay only for running time. $0.001736/sec."
